cyp21a2_chr	cyp21a2_pos	cyp21a2_ref	cyp21a1p_chr	cyp21a1p_pos	cyp21a1p_ref
chr6	32038229	T	chr6	32022497	A
chr6	32038230	T	chr6	32022498	C
chr6	32038232	T	chr6	32022500	G
chr6	32038234	G	chr6	32022502	A
chr6	32038240	C	chr6	32022512	G
chr6	32038246	T	chr6	32022528	C
chr6	32038251	A	chr6	32022533	T
chr6	32038252	G	chr6	32022534	C
chr6	32038253	G	chr6	32022535	T
chr6	32038267	T	chr6	32022551	G
chr6	32038272	T	chr6	32022555	G
chr6	32038273	T	chr6	32022556	G
chr6	32038274	C	chr6	32022557	G
chr6	32038279	A	chr6	32022561	T
chr6	32038282	G	chr6	32022564	T
chr6	32038285	C	chr6	32022567	G
chr6	32038289	T	chr6	32022571	G
chr6	32038290	C	chr6	32022572	G
chr6	32038293	T	chr6	32022575	A
chr6	32038296	G	chr6	32022584	T
chr6	32038303	G	chr6	32022592	C
chr6	32038304	G	chr6	32022593	C
chr6	32038306	G	chr6	32022595	C
chr6	32038307	G	chr6	32022596	C
chr6	32038308	G	chr6	32022597	C
chr6	32038309	A	chr6	32022598	C
chr6	32038310	G	chr6	32022599	C
chr6	32038311	G	chr6	32022600	T
chr6	32038313	T	chr6	32022602	C
chr6	32038323	T	chr6	32022622	A
chr6	32038328	T	chr6	32022628	C
chr6	32038331	A	chr6	32022633	C
chr6	32038332	G	chr6	32022634	T
chr6	32038336	G	chr6	32022641	T
chr6	32038337	G	chr6	32022642	T
chr6	32038339	C	chr6	32022644	T
chr6	32038343	A	chr6	32022651	G
chr6	32038347	A	chr6	32022655	C
chr6	32038355	C	chr6	32022675	G
chr6	32038358	C	chr6	32022678	T
chr6	32038369	G	chr6	32022691	A
chr6	32038376	C	chr6	32022698	A
chr6	32038377	T	chr6	32022699	G
chr6	32038378	C	chr6	32022700	A
chr6	32038390	G	chr6	32022710	A
chr6	32038397	C	chr6	32022716	T
chr6	32038402	G	chr6	32022724	C
chr6	32038403	G	chr6	32022725	T
chr6	32038406	C	chr6	32022728	T
chr6	32038408	G	chr6	32022730	T
chr6	32038409	A	chr6	32022731	T
chr6	32038410	C	chr6	32022732	T
chr6	32038412	G	chr6	32022734	T
chr6	32038413	G	chr6	32022735	T
chr6	32038414	C	chr6	32022736	A
chr6	32038421	C	chr6	32022755	T
chr6	32038425	G	chr6	32022762	T
chr6	32038434	G	chr6	32022780	C
chr6	32038435	G	chr6	32022781	T
chr6	32038436	G	chr6	32022782	C
chr6	32038437	C	chr6	32022783	T
chr6	32038440	G	chr6	32022786	C
chr6	32038443	G	chr6	32022789	C
chr6	32038455	C	chr6	32022803	T
chr6	32038458	G	chr6	32022809	T
chr6	32038462	G	chr6	32022813	T
chr6	32038468	G	chr6	32022824	T
chr6	32038471	C	chr6	32022827	A
chr6	32038482	G	chr6	32022838	C
chr6	32038485	C	chr6	32022843	A
chr6	32038488	G	chr6	32022846	A
chr6	32038489	T	chr6	32022847	C
chr6	32038490	G	chr6	32022848	C
chr6	32038491	G	chr6	32022849	A
chr6	32038496	T	chr6	32022855	A
chr6	32038508	A	chr6	32022883	T
chr6	32038509	C	chr6	32022884	T
chr6	32038513	C	chr6	32022891	A
chr6	32038514	C	chr6	32022892	T
chr6	32038519	C	chr6	32022898	T
chr6	32038527	G	chr6	32022915	C
chr6	32038528	G	chr6	32022916	T
chr6	32038529	G	chr6	32022917	C
chr6	32038543	C	chr6	32022949	T
chr6	32038546	C	chr6	32022955	G
chr6	32038549	C	chr6	32022957	A
chr6	32038552	G	chr6	32022960	A
chr6	32038554	C	chr6	32022962	G
chr6	32038555	C	chr6	32022963	G
chr6	32038556	T	chr6	32022964	G
chr6	32038558	C	chr6	32022966	A
chr6	32038559	C	chr6	32022967	A
chr6	32038560	C	chr6	32022968	A
chr6	32038565	A	chr6	32022972	G
chr6	32038569	G	chr6	32022975	C
chr6	32038571	T	chr6	32022977	A
chr6	32038573	G	chr6	32022979	A
chr6	32038576	C	chr6	32022982	A
chr6	32038586	A	chr6	32023001	T
chr6	32038587	A	chr6	32023002	T
chr6	32038591	G	chr6	32023006	C
chr6	32038593	G	chr6	32023008	T
chr6	32038594	C	chr6	32023009	A
chr6	32038595	C	chr6	32023010	T
chr6	32038599	C	chr6	32023017	T
chr6	32038604	G	chr6	32023021	C
chr6	32038605	G	chr6	32023022	C
chr6	32038607	T	chr6	32023024	A
chr6	32038625	G	chr6	32023056	C
chr6	32038627	G	chr6	32023058	C
chr6	32038630	A	chr6	32023066	T
chr6	32038635	G	chr6	32023075	T
chr6	32038641	G	chr6	32023090	C
chr6	32038644	C	chr6	32023095	G
chr6	32038647	G	chr6	32023098	T
chr6	32038652	C	chr6	32023103	A
chr6	32038653	A	chr6	32023104	G
chr6	32038655	C	chr6	32023106	T
chr6	32038656	A	chr6	32023107	T
chr6	32038658	A	chr6	32023109	C
chr6	32038659	G	chr6	32023110	T
chr6	32038660	G	chr6	32023111	C
chr6	32038661	A	chr6	32023112	T
chr6	32038665	G	chr6	32023116	C
chr6	32038668	G	chr6	32023119	C
chr6	32038669	G	chr6	32023120	C
chr6	32038670	A	chr6	32023121	C
chr6	32038672	G	chr6	32023123	C
chr6	32038674	G	chr6	32023125	T
chr6	32038678	G	chr6	32023131	T
chr6	32038695	G	chr6	32023179	T
chr6	32038699	A	chr6	32023185	T
chr6	32038701	G	chr6	32023187	A
chr6	32038708	T	chr6	32023195	G
chr6	32038709	G	chr6	32023196	A
chr6	32038713	G	chr6	32023201	T
chr6	32038724	G	chr6	32023215	C
chr6	32038726	G	chr6	32023217	T
chr6	32038727	G	chr6	32023218	T
chr6	32038736	A	chr6	32023233	G
chr6	32038737	A	chr6	32023234	G
chr6	32038739	T	chr6	32023236	G
chr6	32038745	A	chr6	32023248	G
chr6	32038761	C	chr6	32023285	T
chr6	32038763	A	chr6	32023289	G
chr6	32038768	C	chr6	32023294	G
chr6	32038770	A	chr6	32023296	C
chr6	32038777	G	chr6	32023306	A
chr6	32038779	C	chr6	32023310	G
chr6	32038787	G	chr6	32023326	T
chr6	32038795	A	chr6	32023341	G
chr6	32038798	T	chr6	32023346	G
chr6	32038800	A	chr6	32023348	G
chr6	32038805	C	chr6	32023353	A
chr6	32038808	A	chr6	32023356	G
chr6	32038813	T	chr6	32023372	A
chr6	32038816	G	chr6	32023375	A
chr6	32038822	G	chr6	32023383	A
chr6	32038828	T	chr6	32023399	C
chr6	32038830	T	chr6	32023401	A
chr6	32038834	C	chr6	32023405	A
chr6	32038837	T	chr6	32023408	G
chr6	32038838	C	chr6	32023409	A
chr6	32038839	T	chr6	32023410	G
chr6	32038842	A	chr6	32023413	C
chr6	32038845	A	chr6	32023416	T
chr6	32038848	T	chr6	32023419	C
chr6	32038851	T	chr6	32023422	A
chr6	32038852	T	chr6	32023423	G
chr6	32038853	T	chr6	32023424	A
chr6	32038855	T	chr6	32023426	C
chr6	32038871	T	chr6	32023464	A
chr6	32038874	T	chr6	32023467	A
chr6	32038875	A	chr6	32023468	G
chr6	32038879	T	chr6	32023472	G
chr6	32038880	G	chr6	32023473	T
chr6	32038882	C	chr6	32023475	A
chr6	32038889	G	chr6	32023483	A
chr6	32038890	G	chr6	32023484	A
chr6	32038903	A	chr6	32023518	T
chr6	32038912	T	chr6	32023529	A
chr6	32038917	C	chr6	32023537	T
chr6	32038920	C	chr6	32023543	T
chr6	32038921	C	chr6	32023544	T
chr6	32038923	C	chr6	32023546	T
chr6	32038925	T	chr6	32023548	G
chr6	32038926	C	chr6	32023549	G
chr6	32038929	C	chr6	32023552	A
chr6	32038930	C	chr6	32023553	G
chr6	32038933	A	chr6	32023558	T
chr6	32038938	T	chr6	32023563	G
chr6	32038942	C	chr6	32023567	T
chr6	32038943	C	chr6	32023568	G
chr6	32038944	A	chr6	32023569	G
chr6	32038945	C	chr6	32023570	G
chr6	32038950	G	chr6	32023578	A
chr6	32038959	C	chr6	32023598	A
chr6	32038962	A	chr6	32023601	T
chr6	32038968	G	chr6	32023610	T
chr6	32038971	C	chr6	32023613	A
chr6	32038972	C	chr6	32023614	A
chr6	32038973	T	chr6	32023615	A
chr6	32038977	A	chr6	32023619	G
chr6	32038979	C	chr6	32023621	G
chr6	32038984	G	chr6	32023627	C
chr6	32038985	G	chr6	32023628	T
chr6	32038986	G	chr6	32023629	C
chr6	32038987	G	chr6	32023630	C
chr6	32038988	G	chr6	32023631	T
chr6	32038989	G	chr6	32023632	T
chr6	32038991	C	chr6	32023634	A
chr6	32038999	G	chr6	32023643	T
chr6	32039002	G	chr6	32023652	A
chr6	32039003	G	chr6	32023653	A
chr6	32039008	A	chr6	32023658	G
chr6	32039016	G	chr6	32023670	C
chr6	32039020	G	chr6	32023675	A
chr6	32039022	G	chr6	32023677	C
chr6	32039024	G	chr6	32023679	T
chr6	32039026	C	chr6	32023681	G
chr6	32039028	G	chr6	32023683	A
chr6	32039032	A	chr6	32023689	G
chr6	32039041	C	chr6	32023708	G
chr6	32039046	A	chr6	32023713	T
chr6	32039047	G	chr6	32023714	T
chr6	32039048	C	chr6	32023715	G
chr6	32039051	C	chr6	32023718	G
chr6	32039058	C	chr6	32023731	T
chr6	32039060	G	chr6	32023733	T
chr6	32039069	C	chr6	32023759	A
chr6	32039071	C	chr6	32023761	A
chr6	32039082	C	chr6	32023776	G
chr6	32039089	T	chr6	32023789	C
chr6	32039090	G	chr6	32023790	A
chr6	32039114	T	chr6	32023847	C
chr6	32039119	G	chr6	32023862	C
chr6	32039120	G	chr6	32023863	C
chr6	32039134	A	chr6	32023896	T
chr6	32039138	T	chr6	32023906	C
chr6	32039139	A	chr6	32023907	T
chr6	32039143	C	chr6	32023911	T
chr6	32039157	C	chr6	32023944	G
chr6	32039158	C	chr6	32023945	A
chr6	32039159	C	chr6	32023946	G
chr6	32039160	A	chr6	32023947	G
chr6	32039176	C	chr6	32023973	G
chr6	32039180	G	chr6	32023979	T
chr6	32039185	G	chr6	32023984	T
chr6	32039188	G	chr6	32023987	C
chr6	32039196	T	chr6	32024004	A
chr6	32039200	T	chr6	32024010	C
chr6	32039204	T	chr6	32024014	A
chr6	32039209	G	chr6	32024018	T
chr6	32039211	A	chr6	32024020	T
chr6	32039215	A	chr6	32024024	T
chr6	32039217	T	chr6	32024026	G
chr6	32039222	G	chr6	32024040	C
chr6	32039223	A	chr6	32024041	T
chr6	32039228	C	chr6	32024046	G
chr6	32039230	G	chr6	32024048	T
chr6	32039231	A	chr6	32024049	T
chr6	32039241	T	chr6	32024072	A
chr6	32039242	C	chr6	32024073	G
chr6	32039243	T	chr6	32024074	G
chr6	32039247	A	chr6	32024082	T
chr6	32039256	T	chr6	32024093	A
chr6	32039278	G	chr6	32024117	T
chr6	32039280	C	chr6	32024119	T
chr6	32039281	A	chr6	32024120	T
chr6	32039286	C	chr6	32024125	G
chr6	32039287	G	chr6	32024126	C
chr6	32039293	C	chr6	32024134	T
chr6	32039296	A	chr6	32024138	T
chr6	32039301	C	chr6	32024145	G
chr6	32039304	C	chr6	32024148	T
chr6	32039305	C	chr6	32024149	T
chr6	32039309	C	chr6	32024155	G
chr6	32039313	C	chr6	32024165	A
chr6	32039314	C	chr6	32024166	G
chr6	32039318	G	chr6	32024170	C
chr6	32039320	A	chr6	32024172	C
chr6	32039328	C	chr6	32024185	T
chr6	32039330	G	chr6	32024187	C
chr6	32039341	A	chr6	32024207	G
chr6	32039342	C	chr6	32024208	G
chr6	32039352	A	chr6	32024223	T
chr6	32039354	A	chr6	32024225	T
chr6	32039356	C	chr6	32024227	T
chr6	32039357	G	chr6	32024228	T
chr6	32039359	A	chr6	32024230	C
chr6	32039366	C	chr6	32024236	T
chr6	32039372	C	chr6	32024246	T
chr6	32039374	G	chr6	32024248	A
chr6	32039379	C	chr6	32024256	A
chr6	32039382	T	chr6	32024265	A
chr6	32039384	T	chr6	32024267	C
chr6	32039390	T	chr6	32024274	G
chr6	32039392	G	chr6	32024276	C
chr6	32039395	G	chr6	32024284	C
chr6	32039397	G	chr6	32024286	A
chr6	32039398	G	chr6	32024287	T
chr6	32039403	C	chr6	32024292	A
chr6	32039406	T	chr6	32024295	C
chr6	32039414	C	chr6	32024312	G
chr6	32039428	T	chr6	32024324	A
chr6	32039431	T	chr6	32024329	G
chr6	32039440	T	chr6	32024343	C
chr6	32039442	C	chr6	32024345	G
chr6	32039448	C	chr6	32024359	G
chr6	32039453	T	chr6	32024367	G
chr6	32039454	C	chr6	32024368	G
chr6	32039456	A	chr6	32024370	G
chr6	32039462	C	chr6	32024382	G
chr6	32039465	A	chr6	32024385	C
chr6	32039474	C	chr6	32024402	G
chr6	32039478	C	chr6	32024420	G
chr6	32039479	C	chr6	32024421	G
chr6	32039480	C	chr6	32024422	T
chr6	32039485	C	chr6	32024432	T
chr6	32039486	C	chr6	32024433	G
chr6	32039490	C	chr6	32024437	T
chr6	32039491	C	chr6	32024438	A
chr6	32039499	A	chr6	32024451	C
chr6	32039500	G	chr6	32024452	A
chr6	32039505	T	chr6	32024459	C
chr6	32039508	T	chr6	32024462	C
chr6	32039510	G	chr6	32024464	C
chr6	32039514	T	chr6	32024468	A
chr6	32039517	A	chr6	32024473	T
chr6	32039521	A	chr6	32024477	C
chr6	32039523	A	chr6	32024479	G
chr6	32039537	T	chr6	32024510	C
chr6	32039539	C	chr6	32024512	G
chr6	32039549	G	chr6	32024520	C
chr6	32039550	A	chr6	32024521	C
chr6	32039553	A	chr6	32024524	C
chr6	32039559	T	chr6	32024533	G
chr6	32039565	C	chr6	32024548	T
chr6	32039573	A	chr6	32024558	G
chr6	32039574	A	chr6	32024559	G
chr6	32039575	A	chr6	32024560	C
chr6	32039576	T	chr6	32024561	C
chr6	32039578	T	chr6	32024563	G
chr6	32039581	C	chr6	32024566	T
chr6	32039583	A	chr6	32024568	T
chr6	32039584	G	chr6	32024569	C
chr6	32039587	G	chr6	32024578	C
chr6	32039593	A	chr6	32024586	G
chr6	32039594	A	chr6	32024587	G
chr6	32039596	A	chr6	32024589	C
chr6	32039604	G	chr6	32024597	A
chr6	32039610	G	chr6	32024606	T
chr6	32039614	C	chr6	32024609	G
chr6	32039616	T	chr6	32024611	G
chr6	32039619	A	chr6	32024618	G
chr6	32039620	A	chr6	32024619	C
chr6	32039622	T	chr6	32024621	G
chr6	32039625	T	chr6	32024624	G
chr6	32039630	G	chr6	32024631	C
chr6	32039633	A	chr6	32024633	T
chr6	32039637	C	chr6	32024637	T
chr6	32039639	T	chr6	32024639	A
chr6	32039646	G	chr6	32024651	T
chr6	32039652	G	chr6	32024660	T
chr6	32039655	C	chr6	32024663	G
chr6	32039660	A	chr6	32024668	G
chr6	32039667	A	chr6	32024672	T
chr6	32039671	C	chr6	32024680	G
chr6	32039672	C	chr6	32024681	G
chr6	32039678	T	chr6	32024687	G
chr6	32039681	T	chr6	32024690	C
chr6	32039686	G	chr6	32024695	A
chr6	32039692	C	chr6	32024708	G
chr6	32039701	A	chr6	32024718	G
chr6	32039712	C	chr6	32024735	G
chr6	32039720	C	chr6	32024746	A
chr6	32039723	C	chr6	32024749	A
chr6	32039724	T	chr6	32024750	G
chr6	32039728	T	chr6	32024756	C
chr6	32039729	T	chr6	32024757	A
chr6	32039733	A	chr6	32024761	T
chr6	32039738	T	chr6	32024765	C
chr6	32039754	C	chr6	32024779	G
chr6	32039767	C	chr6	32024790	A
chr6	32039771	G	chr6	32024794	C
chr6	32039777	T	chr6	32024801	A
chr6	32039780	A	chr6	32024807	T
chr6	32039784	G	chr6	32024813	T
chr6	32039787	C	chr6	32024815	A
chr6	32039804	A	chr6	32024848	T
chr6	32039806	A	chr6	32024854	T
chr6	32039808	C	chr6	32024856	T
chr6	32039814	G	chr6	32024863	C
chr6	32039820	G	chr6	32024868	C
chr6	32039829	G	chr6	32024875	C
chr6	32039833	A	chr6	32024887	T
chr6	32039834	A	chr6	32024888	T
chr6	32039835	G	chr6	32024889	T
chr6	32039840	G	chr6	32024895	C
chr6	32039841	G	chr6	32024896	T
chr6	32039842	A	chr6	32024897	T
chr6	32039845	G	chr6	32024901	C
chr6	32039849	G	chr6	32024906	A
chr6	32039863	C	chr6	32024933	T
chr6	32039864	T	chr6	32024934	G
chr6	32039868	C	chr6	32024945	T
chr6	32039873	A	chr6	32024959	T
chr6	32039876	C	chr6	32024962	G
chr6	32039879	T	chr6	32024965	G
chr6	32039882	T	chr6	32024969	A
chr6	32039884	C	chr6	32024971	G
chr6	32039891	C	chr6	32024979	G
chr6	32039892	C	chr6	32024980	G
chr6	32039897	C	chr6	32024989	G
chr6	32039900	T	chr6	32024992	G
chr6	32039904	A	chr6	32024999	G
chr6	32039918	T	chr6	32025025	A
chr6	32039924	T	chr6	32025033	C
chr6	32039926	C	chr6	32025035	G
chr6	32039927	C	chr6	32025036	G
chr6	32039928	C	chr6	32025037	G
chr6	32039940	C	chr6	32025059	G
chr6	32039943	T	chr6	32025062	A
chr6	32039944	T	chr6	32025063	G
chr6	32039946	C	chr6	32025065	A
chr6	32039947	C	chr6	32025066	T
chr6	32039952	T	chr6	32025070	G
chr6	32039954	T	chr6	32025072	G
chr6	32039958	C	chr6	32025083	G
chr6	32039967	A	chr6	32025095	T
chr6	32039969	G	chr6	32025097	A
chr6	32039978	T	chr6	32025104	C
chr6	32039981	G	chr6	32025107	C
chr6	32039987	T	chr6	32025115	C
chr6	32039994	A	chr6	32025119	G
chr6	32039997	C	chr6	32025122	A
chr6	32039998	T	chr6	32025123	G
chr6	32040002	C	chr6	32025127	G
chr6	32040005	G	chr6	32025130	C
chr6	32040006	A	chr6	32025131	T
chr6	32040007	G	chr6	32025132	C
chr6	32040011	C	chr6	32025136	G
chr6	32040017	G	chr6	32025146	C
chr6	32040020	G	chr6	32025149	A
chr6	32040035	A	chr6	32025172	G
chr6	32040040	G	chr6	32025180	C
chr6	32040041	G	chr6	32025181	C
chr6	32040047	A	chr6	32025192	C
chr6	32040048	T	chr6	32025193	G
chr6	32040049	G	chr6	32025194	A
chr6	32040054	A	chr6	32025200	T
chr6	32040057	G	chr6	32025206	T
chr6	32040066	A	chr6	32025215	T
chr6	32040069	C	chr6	32025217	G
chr6	32040074	A	chr6	32025222	C
chr6	32040076	G	chr6	32025224	T
chr6	32040078	A	chr6	32025226	G
chr6	32040080	G	chr6	32025228	C
chr6	32040082	G	chr6	32025230	C
chr6	32040083	G	chr6	32025231	A
chr6	32040090	G	chr6	32025238	T
chr6	32040093	A	chr6	32025240	T
chr6	32040097	C	chr6	32025244	G
chr6	32040099	T	chr6	32025246	A
chr6	32040105	G	chr6	32025257	C
chr6	32040106	G	chr6	32025258	C
chr6	32040110	G	chr6	32025262	A
chr6	32040111	T	chr6	32025263	A
chr6	32040125	G	chr6	32025281	A
chr6	32040126	T	chr6	32025282	G
chr6	32040128	G	chr6	32025284	T
chr6	32040129	A	chr6	32025285	T
chr6	32040130	C	chr6	32025286	T
chr6	32040131	C	chr6	32025287	G
chr6	32040135	T	chr6	32025291	A
chr6	32040138	T	chr6	32025294	C
chr6	32040146	A	chr6	32025297	T
chr6	32040160	A	chr6	32025309	T
chr6	32040161	A	chr6	32025310	C
chr6	32040162	A	chr6	32025311	T
chr6	32040173	T	chr6	32025321	A
chr6	32040174	G	chr6	32025322	T
chr6	32040181	G	chr6	32025327	C
chr6	32040182	G	chr6	32025328	A
chr6	32040184	T	chr6	32025330	C
chr6	32040185	T	chr6	32025331	C
chr6	32040186	T	chr6	32025332	C
chr6	32040187	T	chr6	32025333	C
chr6	32040188	T	chr6	32025334	C
chr6	32040199	C	chr6	32025346	G
chr6	32040203	G	chr6	32025350	T
chr6	32040204	A	chr6	32025351	G
chr6	32040207	T	chr6	32025354	C
chr6	32040210	G	chr6	32025357	A
chr6	32040211	T	chr6	32025358	G
chr6	32040214	T	chr6	32025361	C
chr6	32040215	G	chr6	32025362	C
chr6	32040216	G	chr6	32025363	T
chr6	32040225	A	chr6	32025383	C
chr6	32040227	A	chr6	32025385	C
chr6	32040230	G	chr6	32025388	T
chr6	32040246	C	chr6	32025400	T
chr6	32040257	G	chr6	32025407	T
chr6	32040262	G	chr6	32025412	T
chr6	32040264	A	chr6	32025414	T
chr6	32040267	C	chr6	32025417	A
chr6	32040270	A	chr6	32025420	T
chr6	32040272	T	chr6	32025422	C
chr6	32040273	C	chr6	32025423	T
chr6	32040274	A	chr6	32025424	G
chr6	32040282	G	chr6	32025443	T
chr6	32040284	A	chr6	32025445	C
chr6	32040291	G	chr6	32025456	T
chr6	32040295	G	chr6	32025463	T
chr6	32040296	G	chr6	32025464	C
chr6	32040297	G	chr6	32025465	A
chr6	32040298	G	chr6	32025466	C
chr6	32040305	T	chr6	32025476	G
chr6	32040316	G	chr6	32025489	C
chr6	32040318	A	chr6	32025491	C
chr6	32040324	G	chr6	32025497	C
chr6	32040326	T	chr6	32025499	A
chr6	32040331	G	chr6	32025504	T
chr6	32040336	G	chr6	32025518	C
chr6	32040340	A	chr6	32025528	T
chr6	32040341	G	chr6	32025529	T
chr6	32040343	G	chr6	32025531	C
chr6	32040348	G	chr6	32025535	T
chr6	32040351	G	chr6	32025539	T
chr6	32040354	G	chr6	32025542	A
chr6	32040359	G	chr6	32025549	A
chr6	32040360	G	chr6	32025550	A
chr6	32040366	G	chr6	32025556	A
chr6	32040384	A	chr6	32025592	C
chr6	32040391	C	chr6	32025612	G
chr6	32040394	A	chr6	32025615	G
chr6	32040395	T	chr6	32025616	G
chr6	32040397	A	chr6	32025618	C
chr6	32040399	T	chr6	32025620	G
chr6	32040400	C	chr6	32025621	G
chr6	32040404	A	chr6	32025629	T
chr6	32040408	T	chr6	32025633	G
chr6	32040409	C	chr6	32025634	G
chr6	32040415	C	chr6	32025643	G
chr6	32040420	G	chr6	32025652	C
chr6	32040424	G	chr6	32025656	A
chr6	32040426	G	chr6	32025658	A
chr6	32040430	C	chr6	32025662	T
chr6	32040431	T	chr6	32025663	G
chr6	32040435	C	chr6	32025667	A
chr6	32040438	C	chr6	32025671	A
chr6	32040442	C	chr6	32025677	A
chr6	32040443	T	chr6	32025678	A
chr6	32040447	C	chr6	32025682	G
chr6	32040448	C	chr6	32025683	A
chr6	32040449	C	chr6	32025684	G
chr6	32040455	C	chr6	32025691	G
chr6	32040458	C	chr6	32025711	G
chr6	32040459	C	chr6	32025712	A
chr6	32040464	C	chr6	32025720	G
chr6	32040465	C	chr6	32025721	A
chr6	32040466	C	chr6	32025722	G
chr6	32040470	T	chr6	32025726	A
chr6	32040473	C	chr6	32025730	G
chr6	32040476	A	chr6	32025733	G
chr6	32040477	C	chr6	32025734	G
chr6	32040482	A	chr6	32025740	T
chr6	32040486	T	chr6	32025744	G
chr6	32040490	C	chr6	32025752	G
chr6	32040496	C	chr6	32025758	G
chr6	32040497	C	chr6	32025759	G
chr6	32040500	T	chr6	32025761	A
chr6	32040502	C	chr6	32025763	G
chr6	32040503	T	chr6	32025764	G
chr6	32040504	C	chr6	32025765	G
chr6	32040507	T	chr6	32025768	G
chr6	32040509	C	chr6	32025770	G
chr6	32040510	C	chr6	32025771	G
chr6	32040512	C	chr6	32025773	G
chr6	32040513	C	chr6	32025774	G
chr6	32040515	T	chr6	32025783	A
chr6	32040516	C	chr6	32025784	G
chr6	32040536	G	chr6	32025810	A
chr6	32040541	G	chr6	32025818	T
chr6	32040542	T	chr6	32025819	C
chr6	32040544	G	chr6	32025821	C
chr6	32040546	G	chr6	32025823	A
chr6	32040551	T	chr6	32025832	A
chr6	32040559	C	chr6	32025838	T
chr6	32040564	C	chr6	32025843	A
chr6	32040565	C	chr6	32025844	G
chr6	32040567	C	chr6	32025850	G
chr6	32040570	C	chr6	32025853	A
chr6	32040573	A	chr6	32025856	C
chr6	32040577	C	chr6	32025860	A
chr6	32040578	C	chr6	32025861	A
chr6	32040579	C	chr6	32025862	A
chr6	32040581	G	chr6	32025864	A
chr6	32040582	C	chr6	32025865	G
chr6	32040591	C	chr6	32025879	T
chr6	32040594	G	chr6	32025882	A
chr6	32040599	T	chr6	32025884	A
chr6	32040600	T	chr6	32025885	A
chr6	32040603	G	chr6	32025888	C
chr6	32040607	G	chr6	32025892	T
chr6	32040609	G	chr6	32025894	A
chr6	32040614	G	chr6	32025899	A
chr6	32040620	C	chr6	32025912	G
chr6	32040621	C	chr6	32025913	G
chr6	32040623	A	chr6	32025915	T
chr6	32040627	C	chr6	32025919	T
chr6	32040631	G	chr6	32025923	C
chr6	32040637	C	chr6	32025930	T
chr6	32040649	T	chr6	32025940	C
chr6	32040651	A	chr6	32025942	C
chr6	32040654	C	chr6	32025946	G
chr6	32040655	C	chr6	32025947	G
chr6	32040657	G	chr6	32025949	T
chr6	32040660	C	chr6	32025952	G
chr6	32040661	C	chr6	32025953	G
chr6	32040662	C	chr6	32025954	G
chr6	32040666	A	chr6	32025964	T
chr6	32040669	A	chr6	32025967	C
chr6	32040675	G	chr6	32025975	C
chr6	32040676	G	chr6	32025976	C
chr6	32040682	A	chr6	32025981	G
chr6	32040692	G	chr6	32025993	A
chr6	32040693	G	chr6	32025994	C
chr6	32040694	G	chr6	32025995	C
chr6	32040698	A	chr6	32026000	T
chr6	32040701	C	chr6	32026003	G
chr6	32040702	A	chr6	32026004	G
chr6	32040708	C	chr6	32026009	T
chr6	32040709	C	chr6	32026010	G
chr6	32040711	A	chr6	32026012	G
chr6	32040712	A	chr6	32026013	G
chr6	32040722	C	chr6	32026020	A
chr6	32040723	G	chr6	32026021	T
chr6	32040726	C	chr6	32026024	G
chr6	32040730	T	chr6	32026031	G
chr6	32040739	C	chr6	32026046	A
chr6	32040755	A	chr6	32026071	T
chr6	32040757	A	chr6	32026074	C
chr6	32040759	G	chr6	32026076	T
chr6	32040768	C	chr6	32026087	T
chr6	32040773	T	chr6	32026090	C
chr6	32040775	T	chr6	32026092	A
chr6	32040784	C	chr6	32026102	G
chr6	32040795	C	chr6	32026112	A
chr6	32040796	C	chr6	32026113	G
chr6	32040800	A	chr6	32026117	T
chr6	32040802	A	chr6	32026126	T
chr6	32040803	A	chr6	32026127	T
chr6	32040807	G	chr6	32026131	C
chr6	32040808	G	chr6	32026132	C
chr6	32040810	G	chr6	32026135	T
chr6	32040811	G	chr6	32026136	C
chr6	32040813	G	chr6	32026138	T
chr6	32040817	G	chr6	32026142	C
chr6	32040818	G	chr6	32026143	A
chr6	32040819	T	chr6	32026144	C
chr6	32040824	G	chr6	32026150	C
chr6	32040836	C	chr6	32026173	T
chr6	32040839	C	chr6	32026176	T
chr6	32040859	C	chr6	32026215	A
chr6	32040862	C	chr6	32026218	T
chr6	32040865	G	chr6	32026223	C
chr6	32040885	A	chr6	32026247	G
chr6	32040892	A	chr6	32026253	C
chr6	32040893	A	chr6	32026254	C
chr6	32040896	C	chr6	32026260	G
chr6	32040903	T	chr6	32026271	A
chr6	32040920	G	chr6	32026296	C
chr6	32040925	C	chr6	32026305	T
chr6	32040929	T	chr6	32026310	A
chr6	32040931	T	chr6	32026312	A
chr6	32040933	C	chr6	32026314	T
chr6	32040937	G	chr6	32026318	C
chr6	32040944	C	chr6	32026330	A
chr6	32040952	C	chr6	32026339	G
chr6	32040956	T	chr6	32026343	A
chr6	32040959	A	chr6	32026346	C
chr6	32040964	T	chr6	32026355	A
chr6	32040965	T	chr6	32026356	A
chr6	32040968	T	chr6	32026359	A
chr6	32040973	C	chr6	32026364	A
chr6	32040974	T	chr6	32026365	G
chr6	32040976	A	chr6	32026367	G
chr6	32040977	C	chr6	32026368	G
chr6	32040979	C	chr6	32026370	T
chr6	32040981	A	chr6	32026372	G
chr6	32040982	C	chr6	32026373	G
chr6	32040985	C	chr6	32026376	G
chr6	32040986	T	chr6	32026377	G
chr6	32040992	C	chr6	32026384	G
chr6	32040995	T	chr6	32026386	A
chr6	32040998	C	chr6	32026389	G
chr6	32041000	C	chr6	32026391	T
chr6	32041001	T	chr6	32026392	G
chr6	32041004	T	chr6	32026395	G
chr6	32041007	C	chr6	32026398	G
chr6	32041010	C	chr6	32026401	T
chr6	32041011	C	chr6	32026402	G
chr6	32041023	G	chr6	32026423	C
chr6	32041032	G	chr6	32026435	C
chr6	32041039	C	chr6	32026440	G
chr6	32041050	C	chr6	32026457	G
chr6	32041064	A	chr6	32026468	G
chr6	32041069	C	chr6	32026472	G
chr6	32041079	A	chr6	32026484	G
chr6	32041084	C	chr6	32026488	A
chr6	32041087	C	chr6	32026491	A
chr6	32041092	G	chr6	32026497	T
chr6	32041093	C	chr6	32026498	T
chr6	32041098	G	chr6	32026503	T
chr6	32041100	G	chr6	32026505	C
chr6	32041102	A	chr6	32026507	C
chr6	32041103	T	chr6	32026508	A
chr6	32041105	G	chr6	32026512	T
chr6	32041106	G	chr6	32026513	C
chr6	32041107	G	chr6	32026514	T
chr6	32041108	G	chr6	32026515	T
chr6	32041113	C	chr6	32026520	G
chr6	32041116	C	chr6	32026523	A
chr6	32041117	C	chr6	32026524	A
chr6	32041119	G	chr6	32026526	T
chr6	32041128	C	chr6	32026544	A
chr6	32041137	G	chr6	32026565	T
chr6	32041145	C	chr6	32026570	G
chr6	32041146	C	chr6	32026571	T
chr6	32041148	A	chr6	32026574	G
chr6	32041153	A	chr6	32026579	G
chr6	32041157	G	chr6	32026583	C
chr6	32041174	C	chr6	32026595	T
chr6	32041175	T	chr6	32026596	G
chr6	32041177	T	chr6	32026598	G
chr6	32041178	A	chr6	32026599	C
chr6	32041192	A	chr6	32026628	G
chr6	32041193	A	chr6	32026629	G
chr6	32041201	C	chr6	32026641	T
chr6	32041202	C	chr6	32026642	T
chr6	32041208	C	chr6	32026650	A
chr6	32041210	T	chr6	32026652	A
chr6	32041213	A	chr6	32026656	T
chr6	32041214	A	chr6	32026657	G
chr6	32041219	A	chr6	32026662	T
chr6	32041225	G	chr6	32026669	C
chr6	32041227	G	chr6	32026671	C
chr6	32041228	A	chr6	32026672	C
chr6	32041233	G	chr6	32026678	T
chr6	32041237	G	chr6	32026682	A
chr6	32041239	A	chr6	32026684	C
chr6	32041240	G	chr6	32026685	A
chr6	32041241	A	chr6	32026686	C
chr6	32041243	A	chr6	32026688	T
chr6	32041244	A	chr6	32026689	G
chr6	32041249	T	chr6	32026692	A
chr6	32041250	C	chr6	32026693	G
chr6	32041251	C	chr6	32026694	A
chr6	32041256	G	chr6	32026699	T
chr6	32041257	C	chr6	32026700	G
chr6	32041259	G	chr6	32026702	C
chr6	32041263	G	chr6	32026706	A
chr6	32041269	G	chr6	32026713	C
chr6	32041270	A	chr6	32026714	C
chr6	32041272	G	chr6	32026716	A
chr6	32041273	G	chr6	32026717	A
chr6	32041277	C	chr6	32026721	A
chr6	32041278	T	chr6	32026722	A
chr6	32041279	G	chr6	32026723	A
chr6	32041281	C	chr6	32026725	G
chr6	32041283	C	chr6	32026727	G
chr6	32041284	T	chr6	32026728	A
chr6	32041286	C	chr6	32026730	G
chr6	32041301	C	chr6	32026738	G
chr6	32041304	A	chr6	32026741	T
chr6	32041306	T	chr6	32026743	G
